Exponents-and-surds;Equations-and-inequalities;Number-patterns;Analytical-geometry;Functions;Trigonometry;Measurement;Euclidean-geometry;Finance-growth-and-decay;Probability;Statistics;Linear-programming
Revision;Revision;Revision;Revision;Quadratic functions;Revision;Area of a polygon;Revision;Revision;Revision;Revision;Introduction
Rational exponents and surds;Completing the square;Quadratic sequences;Equation of a line;Average gradient;Trigonometric identities;Right prisms and cylinders;Circle geometry;Simple and compound depreciation;Dependent and independent events;Histograms;
Solving surd equations;Quadratic formula;Summary;Inclination of a line;Hyperbolic functions;Reduction formula;Right pyramids, right cones and spheres;Summary;Timelines;More Venn diagrams;Ogives;
Applications of exponentials;Substitution;;Parallel lines;Exponential functions;Trigonometric equations;Multiplying a dimension by a constant factor;;Nominal and effective interest rates;Tree diagrams;Variance and standard deviation;
Summary;Finding the equation;;Perpendicular lines;The sine function;Area, sine, and cosine rules;Summary;;Summary;Contingency tables;Symmetric and skewed data;
;Nature of roots;;Summary;The cosine function;Summary;;;;Summary;Identification of outliers;
;Quadratic inequalities;;;The tangent function;;;;;;Summary;
;Simultaneous equations;;;Summary;;;;;;;
;Word problems;;;;;;;;;;
;Summary;;;;;;;;;;
